strain,HisA,MetX,ClpP
3145,60,83.33333,0
3309,8.333333,37.5,62.5
4041,87.5,50,66.66667